Rk,Player,Tm,2022-23,2023-24,2024-25,2025-26,2026-27,2027-28,Signed Using,Guaranteed
1,Stephen Curry,GSW,48070014 ,51915615 ,55761216 ,59606817 ,,,Bird,"$215,353,662 "
2,Russell Westbrook,LAL,47063478 ,,,,,,Bird Rights,"$47,063,478 "
3,LeBron James,LAL,44474988 ,,,,,,Bird,"$44,474,988 "
4,Kevin Durant,BRK,44119845 ,47649433 ,51179021 ,54708609 ,,,Bird,"$197,656,908 "
5,Bradley Beal,WAS,43279250 ,46741590 ,50203930 ,53666270 ,57128610 ,,Bird,"$193,891,040 "
6,Damian Lillard,POR,42492492 ,45640084 ,48787676 ,58545211 ,63228828 ,,1st Round Pick,"$195,465,463 "
7,Giannis Antetokounmpo,MIL,42492492 ,45640084 ,48787676 ,51935268 ,,,Bird,"$136,920,252 "
8,Kawhi Leonard,LAC,42492492 ,45640084 ,48787676 ,,,,Early Bird,"$88,132,576 "
9,Paul George,LAC,42492492 ,45640084 ,48787676 ,,,,Bird,"$88,132,576 "
10,John Wall,HOU,47345760 ,6802950 ,,,,,,"$40,866,760 "
11,Klay Thompson,GSW,40600080 ,43219440 ,,,,,Bird Rights,"$83,819,520 "
12,Rudy Gobert,MIN,38172414 ,41000000 ,43827586 ,46655172 ,,,Bird,"$123,000,000 "
13,Anthony Davis,LAL,37980720 ,40600080 ,43219440 ,,,,Bird,"$78,580,800 "
14,Khris Middleton,MIL,37948276 ,40396552 ,,,,,Bird Rights,"$37,948,276 "
15,Jimmy Butler,MIA,37653300 ,45183960 ,48798677 ,52413394 ,,,Sign and Trade,"$131,635,937 "
16,Tobias Harris,PHI,37633050 ,39270150 ,,,,,Bird Rights,"$76,903,200 "
17,Luka Dončić,DAL,37096500 ,40064220 ,43031940 ,45999660 ,48967380 ,,Bird,"$215,159,700 "
18,Trae Young,ATL,37096500 ,40064220 ,43031940 ,45999660 ,48967380 ,,Bird,"$215,159,700 "
19,Zach LaVine,CHI,37096500 ,40064220 ,43031940 ,45999660 ,48967380 ,,Bird,"$166,192,320 "
20,Kyrie Irving,BRK,36934550 ,,,,,,Cap space,"$36,934,550 "
21,Ben Simmons,BRK,35448672 ,37893408 ,40338144 ,,,,1st Round pick,"$113,680,224 "
22,Pascal Siakam,TOR,35448672 ,37893408 ,,,,,1st Round pick,"$73,342,080 "
23,Devin Booker,PHO,33833400 ,36016200 ,48877500 ,52787700 ,56697900 ,60608100 ,1st round pick,"$288,820,800 "
24,Karl-Anthony Towns,MIN,33833400 ,36016200 ,48877500 ,52787700 ,56697900 ,60608100 ,1st Round Pick,"$228,212,700 "
25,Kristaps Porziņģis,WAS,33833400 ,36016200 ,,,,,Bird Rights,"$33,833,400 "
26,Jrue Holiday,MIL,33665040 ,36158747 ,38652454 ,,,,Bird,"$69,823,787 "
27,Joel Embiid,PHI,33616770 ,46550000 ,50274000 ,53998000 ,57722000 ,,1st Round Pick,"$184,438,770 "
28,Andrew Wiggins,GSW,33616770 ,,,,,,1st Round Pick,"$33,616,770 "
29,CJ McCollum,NOP,33333333 ,35802469 ,,,,,1st Round Pick,"$69,135,802 "
30,Nikola Jokić,DEN,33047803 ,46550000 ,50274000 ,53998000 ,57722000 ,61446000 ,Bird Rights,"$241,591,803 "
31,James Harden,PHI,33000000 ,35640000 ,,,,,Bird,"$33,000,000 "
32,Brandon Ingram,NOP,31650600 ,33833400 ,36016200 ,,,,Bird,"$101,500,200 "
33,Jamal Murray,DEN,31650600 ,33833400 ,36016200 ,,,,1st Round pick,"$101,500,200 "
34,D'Angelo Russell,MIN,31377750 ,,,,,,Sign and Trade,"$31,377,750 "
35,Shai Gilgeous-Alexander,OKC,30913750 ,33386850 ,35859950 ,38333050 ,40806150 ,,Bird,"$179,299,750 "
36,Michael Porter Jr.,DEN,30913750 ,33386850 ,35859950 ,38333050 ,40806150 ,,Bird,"$150,493,600 "
37,Deandre Ayton,PHO,30913750 ,32459438 ,34005126 ,35550814 ,,,Cap Space,"$132,929,128 "
38,De'Aaron Fox,SAC,30351780 ,32600060 ,34848340 ,37096620 ,,,Bird,"$134,896,800 "
39,Bam Adebayo,MIA,30351780 ,32600060 ,34848340 ,37096620 ,,,Bird,"$134,896,800 "
40,Donovan Mitchell,CLE,30351780 ,32600060 ,34848340 ,37096620 ,,,Bird,"$97,800,180 "
41,Jayson Tatum,BOS,30351780 ,32600060 ,34848340 ,37096620 ,,,Bird,"$97,800,180 "
42,Gordon Hayward,CHO,30075000 ,31500000 ,,,,,Sign and Trade,"$61,575,000 "
43,Jaren Jackson Jr.,MEM,28946605 ,27102202 ,25257798 ,23413395 ,,,Bird,"$104,720,000 "
44,Kevin Love,CLE,28942830 ,,,,,,Bird Rights,"$28,942,830 "
45,Jaylen Brown,BOS,28741071 ,30723215 ,,,,,1st Round pick,"$59,464,286 "
46,Chris Paul,PHO,28400000 ,30800000 ,30000000 ,,,,Bird,"$44,200,000 "
47,Kyle Lowry,MIA,28333334 ,29682540 ,,,,,Bird,"$58,015,874 "
48,Jalen Brunson,NYK,27733332 ,26346666 ,24960001 ,24960001 ,,,Cap Space,"$79,039,999 "
49,Kemba Walker,OKC,9165471 ,,,,,,,"$27,431,078 "
50,DeMar DeRozan,CHI,27300000 ,28600000 ,,,,,Sign and Trade,"$55,900,000 "
51,Al Horford,BOS,26500000 ,,,,,,Cap Space,"$19,500,000 "
52,Draymond Green,GSW,25806468 ,27586224 ,,,,,Bird Rights,"$25,806,468 "
53,Julius Randle,NYK,23760000 ,25660800 ,27561600 ,29462400 ,,,Bird,"$76,982,400 "
54,John Collins,ATL,23500000 ,25340000 ,26580000 ,26580000 ,,,Bird,"$102,000,000 "
55,Mike Conley,UTA,22680000 ,24360000 ,,,,,Bird,"$37,000,000 "
56,Malcolm Brogdon,BOS,22600000 ,22500000 ,22500000 ,,,,Sign and Trade,"$67,600,000 "
57,Anfernee Simons,POR,22321429 ,24107143 ,25892857 ,27678571 ,,,Bird,"$100,000,000 "
58,Nikola Vučević,CHI,22000000 ,,,,,,Bird Rights,"$22,000,000 "
59,Terry Rozier,CHO,21486316 ,23205221 ,24924126 ,26643031 ,,,Bird,"$96,258,694 "
60,Fred VanVleet,TOR,21250000 ,22824074 ,,,,,Bird,"$21,250,000 "
61,Buddy Hield,IND,21177750 ,19279841 ,,,,,1st Round pick,"$40,457,591 "
62,Jerami Grant,POR,20955000 ,,,,,,Sign and Trade,"$20,955,000 "
63,Spencer Dinwiddie,DAL,20171427 ,21028570 ,,,,,Sign and Trade,"$30,171,427 "
64,Mikal Bridges,PHO,20100000 ,21700000 ,23300000 ,24900000 ,,,Bird,"$90,000,000 "
65,Jarrett Allen,CLE,20000000 ,20000000 ,20000000 ,20000000 ,,,Bird,"$80,000,000 "
66,Aaron Gordon,DEN,19690909 ,21266182 ,22841455 ,22841455 ,,,Bird,"$63,798,546 "
67,Tim Hardaway Jr.,DAL,19602273 ,17897728 ,16193183 ,,,,Bird,"$53,693,184 "
68,Eric Gordon,HOU,19568360 ,20917902 ,,,,,Cap Space,"$19,568,360 "
69,Bojan Bogdanović,UTA,19550000 ,,,,,,Cap Space,"$19,550,000 "
70,Lonzo Ball,CHI,19534884 ,20465117 ,21395348 ,,,,Sign and Trade,"$40,000,001 "
71,Caris LeVert,CLE,18796296 ,,,,,,1st Round pick,"$18,796,296 "
72,Clint Capela,ATL,18706896 ,20616000 ,22265280 ,,,,Bird Rights,"$61,588,176 "
73,Joe Harris,BRK,18642857 ,19928571 ,,,,,Bird,"$38,571,428 "
74,Domantas Sabonis,SAC,18500000 ,19400000 ,,,,,1st Round pick,"$37,900,000 "
75,Harrison Barnes,SAC,18352273 ,,,,,,Bird Rights,"$18,352,273 "
76,Evan Fournier,NYK,18000000 ,18857143 ,19000000 ,,,,Sign and Trade,"$55,857,143 "
77,Myles Turner,IND,18000000 ,,,,,,1st Round pick,"$18,000,000 "
78,Bogdan Bogdanović,ATL,18000000 ,18000000 ,,,,,Cap Space,"$18,000,000 "
79,Steven Adams,MEM,17926829 ,,,,,,1st Round Pick,"$17,926,829 "
80,Gary Trent Jr.,TOR,17505000 ,18785000 ,,,,,Bird,"$17,505,000 "
81,Jonathan Isaac,ORL,17400000 ,17400000 ,17400000 ,,,,Bird,"$23,400,000 "
82,OG Anunoby,TOR,17357143 ,18642857 ,19928571 ,,,,Bird,"$36,000,000 "
83,Marcus Smart,BOS,17207142 ,18583713 ,19960284 ,21336855 ,,,Bird,"$77,087,994 "
84,Mitchell Robinson,NYK,17045454 ,15681818 ,14318182 ,12954546 ,,,Bird,"$60,000,000 "
85,Duncan Robinson,MIA,16902000 ,18154000 ,19406000 ,19888000 ,,,Bird,"$64,350,000 "
86,Derrick White,BOS,16892857 ,18107143 ,19321429 ,,,,Bird,"$54,321,429 "
87,Norman Powell,LAC,16758621 ,18000000 ,19241379 ,20482758 ,,,Bird,"$74,482,758 "
88,Dejounte Murray,ATL,16571120 ,17714000 ,,,,,1st Round pick,"$34,285,120 "
89,Markelle Fultz,ORL,16500000 ,17000000 ,,,,,Bird,"$18,500,000 "
90,Lauri Markkanen,UTA,16475454 ,17259999 ,18044544 ,,,,Sign and Trade,"$39,735,453 "
91,Marcus Morris,LAC,16372093 ,17116279 ,,,,,Non Bird,"$33,488,372 "
92,Dāvis Bertāns,DAL,16000000 ,17000000 ,16000000 ,,,,Bird,"$44,000,000 "
93,Jusuf Nurkić,POR,15625000 ,16875000 ,18125000 ,19375000 ,,,Bird,"$70,000,000 "
94,Malik Beasley,UTA,15558035 ,16524106 ,,,,,Bird,"$15,558,035 "
95,Luguentz Dort,OKC,15277778 ,15277778 ,16500000 ,17722222 ,17722222 ,,Bird,"$64,777,778 "
96,Tyus Jones,MEM,15000000 ,14000000 ,,,,,Bird,"$29,000,000 "
97,Jonas Valančiūnas,NOP,14700000 ,15435000 ,,,,,Bird,"$30,135,000 "
98,Derrick Rose,NYK,14520730 ,15596339 ,,,,,Early Bird,"$14,520,730 "
99,Kevin Huerter,SAC,14508929 ,15669643 ,16830357 ,17991071 ,,,Bird,"$65,000,000 "
100,Luke Kennard,LAC,14415545 ,15418363 ,15418363 ,,,,Bird,"$29,833,908 "
101,Will Barton,WAS,14375000 ,,,,,,Bird,"$14,375,000 "
102,Christian Wood,DAL,14317459 ,,,,,,Sign and Trade,"$14,317,459 "
103,Wendell Carter Jr.,ORL,14150000 ,13050000 ,11950000 ,10850000 ,,,Bird,"$50,000,000 "
104,Kentavious Caldwell-Pope,DEN,14004703 ,14704938 ,15440185 ,,,,Early Bird,"$19,593,056 "
105,Brook Lopez,MIL,13906976 ,,,,,,Cap Space,"$13,906,976 "
106,Doug McDermott,SAS,13750000 ,13750000 ,,,,,Sign and Trade,"$27,500,000 "
107,Zion Williamson,NOP,13534817 ,33250000 ,35910000 ,38570000 ,41230000 ,43890000 ,1st Round Pick,"$206,384,817 "
108,Jordan Clarkson,UTA,13340000 ,14260000 ,,,,,Bird,"$13,340,000 "
109,Kyle Kuzma,WAS,13000000 ,13000000 ,,,,,Bird,"$13,000,000 "
110,Gary Harris,ORL,13000000 ,13000000 ,,,,,Bird,"$13,000,000 "
111,Patrick Beverley,LAL,13000000 ,,,,,,Bird,"$13,000,000 "
112,Josh Hart,POR,12960000 ,12960000 ,,,,,,
113,Kelly Olynyk,DET,12804878 ,12195122 ,,,,,Cap Space,"$15,804,878 "
114,Chris Boucher,TOR,12690000 ,11750000 ,10810000 ,,,,Bird,"$35,250,000 "
115,Kelly Oubre Jr.,CHO,12600000 ,,,,,,Cap Space,"$5,000,000 "
116,Marvin Bagley III,DET,12500000 ,12500000 ,12500000 ,,,,Bird,"$37,500,000 "
117,Dorian Finney-Smith,DAL,12402000 ,13394160 ,14386320 ,15378480 ,,,Bird,"$40,182,480 "
118,Robert Covington,LAC,12307692 ,11692308 ,,,,,Bird,"$24,000,000 "
119,Josh Richardson,SAS,12196094 ,,,,,,Bird,"$12,196,094 "
120,Ja Morant,MEM,12119440 ,33250000 ,35910000 ,38570000 ,41230000 ,43890000 ,1st Round Pick,"$204,969,440 "
121,Devonte' Graham,NOP,11550000 ,12100000 ,12650000 ,,,,Sign and Trade,"$26,500,000 "
122,Terrence Ross,ORL,11500000 ,,,,,,Bird Rights,"$11,500,000 "
123,Dillon Brooks,MEM,11400000 ,,,,,,MLE,"$11,400,000 "
124,Richaun Holmes,SAC,11215260 ,12046020 ,12876780 ,,,,Early Bird,"$23,261,280 "
125,Reggie Jackson,LAC,11215260 ,,,,,,Early Bird,"$11,215,260 "
126,Dwight Powell,DAL,11080125 ,,,,,,Cap Space,"$11,080,125 "
127,Paolo Banchero,ORL,11055120 ,11608080 ,12160800 ,15334769 ,,,1st Round Pick,"$22,663,200 "
128,Robert Williams,BOS,10937502 ,11812501 ,12687500 ,13562499 ,,,Bird,"$49,000,002 "
129,RJ Barrett,NYK,10900635 ,,,,,,1st Round Pick,"$10,900,635 "
130,Bobby Portis,MIL,10843350 ,11710818 ,12578286 ,13445754 ,,,Early Bird,"$35,132,454 "
131,Nicolas Batum,LAC,19700319 ,11710818 ,,,,,Early Bird,"$22,554,168 "
132,Anthony Edwards,MIN,10733400 ,13534817 ,,,,,1st Round Pick,"$10,733,400 "
133,Cade Cunningham,DET,10552800 ,11055360 ,13940809 ,,,,1st Round Pick,"$10,552,800 "
134,P.J. Tucker,PHI,10490000 ,11014500 ,11539000 ,,,,MLE,"$21,504,500 "
135,Danilo Gallinari,SAS,16907880 ,6802950 ,,,,,,"$10,428,880 "
136,Mo Bamba,ORL,10300000 ,10300000 ,,,,,Bird,"$10,300,000 "
137,Talen Horton-Tucker,UTA,10260000 ,11020000 ,,,,,Early Bird,"$10,260,000 "
138,Jae Crowder,PHO,10183800 ,,,,,,MLE,"$10,183,800 "
139,Derrick Favors,OKC,10183800 ,,,,,,MLE,"$10,183,800 "
140,Ivica Zubac,LAC,10123457 ,10933333 ,11743210 ,,,,Bird,"$32,800,000 "
141,Reggie Bullock,DAL,10012800 ,10489600 ,,,,,MLE,"$15,464,000 "
142,Alec Burks,DET,10012800 ,10489600 ,,,,,Cap Space,"$10,012,800 "
143,Danny Green,MEM,10000000 ,,,,,,,
144,Chet Holmgren,OKC,9891240 ,10386000 ,10880640 ,13731368 ,,,1st Round Pick,"$20,277,240 "
145,De'Andre Hunter,ATL,9835881 ,,,,,,1st Round Pick,"$9,835,881 "
146,Larry Nance Jr.,NOP,9672727 ,,,,,,1st Round pick,"$9,672,727 "
147,James Wiseman,GSW,9603360 ,12119440 ,,,,,1st Round Pick,"$9,603,360 "
148,Landry Shamet,PHO,9500000 ,10250000 ,11000000 ,11750000 ,,,Bird,"$42,500,000 "
149,Malik Monk,SAC,9472219 ,9945830 ,,,,,MLE,"$19,418,049 "
150,Jalen Green,HOU,9441840 ,9891480 ,12483048 ,,,,1st Round Pick,"$9,441,840 "
151,Jakob Poeltl,SAS,9398148 ,,,,,,Bird,"$9,398,148 "
152,Dario Šarić,PHO,9240000 ,,,,,,Bird,"$9,240,000 "
153,Nerlens Noel,DET,9240000 ,9680000 ,,,,,Cap Space,"$9,240,000 "
154,Royce O'Neale,BRK,9200000 ,9500000 ,,,,,Cap space,"$11,700,000 "
155,Kemba Walker,DET,9165471 ,,,,,,Cap Space,"$9,165,471 "
156,Monte Morris,WAS,9125000 ,9800926 ,,,,,Bird,"$18,925,926 "
157,Mason Plumlee,CHO,9080417 ,,,,,,Cap space,"$9,080,417 "
158,Alex Caruso,CHI,9030000 ,9460000 ,9890000 ,,,,MLE,"$28,380,000 "
159,Maxi Kleber,DAL,9000000 ,,,,,,,
160,Darius Garland,CLE,8920795 ,33250000 ,35910000 ,38570000 ,41230000 ,43890000 ,1st Round Pick,"$201,770,795 "
161,Jabari Smith Jr.,HOU,8882640 ,9326520 ,9770880 ,12350392 ,,,1st Round Pick,"$18,209,160 "
162,Nicolas Batum,CHO,19700319 ,11710818 ,,,,,,"$8,856,969 "
163,Kyle Anderson,MIN,8780488 ,9219512 ,,,,,MLE,"$18,000,000 "
164,Victor Oladipo,MIA,8750000 ,9450000 ,,,,,Bird,"$8,750,000 "
165,Daniel Theis,IND,8694369 ,9108387 ,9522405 ,,,,Sign and Trade,"$17,802,756 "
166,LaMelo Ball,CHO,8623920 ,10900635 ,,,,,1st Round Pick,"$8,623,920 "
167,Nic Claxton,BRK,8500000 ,8750000 ,,,,,Bird,"$17,250,000 "
168,Grayson Allen,MIL,8500000 ,8500000 ,,,,,Bird,"$17,000,000 "
169,Seth Curry,BRK,8496653 ,,,,,,MLE,"$8,496,653 "
170,Evan Mobley,CLE,8478720 ,8882640 ,11227657 ,,,,1st Round Pick,"$8,478,720 "
171,Gary Payton II,POR,8300000 ,8715000 ,9130000 ,,,,MLE,"$17,015,000 "
172,De'Anthony Melton,PHI,8250000 ,8000000 ,,,,,Early Bird,"$9,750,000 "
173,JaMychal Green,OKC,10036090 ,,,,,,,"$8,200,000 "
174,T.J. McConnell,IND,8100000 ,8700000 ,9300000 ,,,,Early Bird,"$21,800,000 "
175,Keegan Murray,SAC,8008440 ,8409000 ,8809560 ,11144093 ,,,1st Round Pick,"$16,417,440 "
176,Kevon Looney,GSW,8000000 ,8500000 ,9000000 ,,,,Bird,"$25,500,000 "
177,Thaddeus Young,TOR,8000000 ,8000000 ,,,,,Bird,"$9,000,000 "
178,DeAndre Jordan,DET,9663997 ,,,,,,,"$7,827,907 "
179,Isaiah Hartenstein,NYK,7804879 ,8195121 ,,,,,Cap Space,"$16,000,000 "
180,Delon Wright,WAS,7804878 ,8195122 ,,,,,MLE,"$16,000,000 "
181,Patrick Williams,CHI,7775400 ,9835881 ,,,,,1st Round Pick,"$7,775,400 "
182,Scottie Barnes,TOR,7644600 ,8008680 ,10130980 ,,,,1st Round Pick,"$7,644,600 "
183,Cedi Osman,CLE,7426088 ,6718842 ,,,,,MLE,"$7,426,088 "
184,Coby White,CHI,7413955 ,,,,,,1st Round Pick,"$7,413,955 "
185,Zach Collins,SAS,7350000 ,7700000 ,,,,,Cap Space,"$7,350,000 "
186,Taurean Prince,MIN,7295000 ,7650000 ,,,,,Bird,"$14,945,000 "
187,Jaden Ivey,DET,7252200 ,7614480 ,7977240 ,10107163 ,,,1st Round Pick,"$14,866,680 "
188,Jae'Sean Tate,HOU,7065217 ,6500000 ,7065217 ,,,,Early Bird,"$13,565,217 "
189,Isaac Okoro,CLE,7040880 ,8920795 ,,,,,1st Round Pick,"$7,040,880 "
190,Cody Martin,CHO,7000000 ,7560000 ,8120000 ,8680000 ,,,MLE,"$22,680,000 "
191,Jalen Suggs,ORL,6922320 ,7252080 ,9188385 ,,,,1st Round Pick,"$6,922,320 "
192,Jaxson Hayes,NOP,6803012 ,,,,,,1st Round Pick,"$6,803,012 "
193,Khem Birch,TOR,6667500 ,6985000 ,,,,,MLE,"$13,652,500 "
194,Bennedict Mathurin,IND,6586800 ,6916080 ,7245720 ,9187573 ,,,1st Round Pick,"$13,502,880 "
195,Caleb Martin,MIA,6479000 ,6802950 ,7126900 ,,,,Bird,"$20,408,850 "
196,John Wall,LAC,47345760 ,6802950 ,,,,,Mini MLE,"$13,281,950 "
197,Patty Mills,BRK,6479000 ,6802950 ,,,,,Non Bird,"$13,281,950 "
198,Danilo Gallinari,BOS,16907880 ,6802950 ,,,,,Mini MLE,"$13,281,950 "
199,Joe Ingles,MIL,6479000 ,,,,,,Mini MLE,"$6,479,000 "
200,Lonnie Walker IV,LAL,6479000 ,,,,,,Mini MLE,"$6,479,000 "
201,Bruce Brown,DEN,6479000 ,6802950 ,,,,,Mini MLE,"$6,479,000 "
202,Onyeka Okongwu,ATL,6395160 ,8109063 ,,,,,1st Round Pick,"$6,395,160 "
203,Justin Holiday,ATL,6292440 ,,,,,,Non Bird,"$6,292,440 "
204,Josh Giddey,OKC,6287400 ,6587040 ,8352367 ,,,,1st Round Pick,"$6,287,400 "
205,Rui Hachimura,WAS,6263188 ,,,,,,1st Round Pick,"$6,263,188 "
206,Rudy Gay,UTA,6184500 ,6479000 ,,,,,Mini MLE,"$6,184,500 "
207,Shaedon Sharpe,POR,6012960 ,6313800 ,6614160 ,8399983 ,,,1st Round Pick,"$12,326,760 "
208,Cameron Payne,PHO,6000000 ,6500000 ,,,,,Early Bird,"$8,000,000 "
209,Otto Porter Jr.,TOR,6000000 ,6300000 ,,,,,MLE,"$6,000,000 "
210,Cam Reddish,NYK,5954454 ,,,,,,1st Round Pick,"$5,954,454 "
211,Cameron Johnson,PHO,5887899 ,,,,,,1st Round Pick,"$5,887,899 "
212,Ricky Rubio,CLE,5853659 ,6146342 ,6439025 ,,,,MLE,"$16,250,001 "
213,Killian Hayes,DET,5837760 ,7413955 ,,,,,1st Round Pick,"$5,837,760 "
214,P.J. Washington,CHO,5808435 ,,,,,,1st Round Pick,"$5,808,435 "
215,Jonathan Kuminga,GSW,5739840 ,6012840 ,7636307 ,,,,1st Round Pick,"$5,739,840 "
216,Pat Connaughton,MIL,5728393 ,9423869 ,9423869 ,9423869 ,,,Early Bird,"$34,000,000 "
217,Tyler Herro,MIA,5722116 ,,,,,,1st Round Pick,"$5,722,116 "
218,Romeo Langford,SAS,5634257 ,,,,,,1st Round Pick,"$5,634,257 "
219,Dyson Daniels,NOP,5508600 ,5784120 ,6059520 ,7707709 ,,,1st Round Pick,"$11,292,720 "
220,JaVale McGee,DAL,5461219 ,5734280 ,6007341 ,,,,Mini MLE,"$17,202,840 "
221,Obi Toppin,NYK,5348280 ,6803012 ,,,,,1st Round Pick,"$5,348,280 "
222,Franz Wagner,ORL,5258280 ,5508720 ,7007092 ,,,,1st Round Pick,"$5,258,280 "
223,Kendrick Nunn,LAL,5250000 ,,,,,,Mini MLE,"$5,250,000 "
224,Hamidou Diallo,DET,5200000 ,,,,,,Bird,"$5,200,000 "
225,Garrett Temple,NOP,5155500 ,5401000 ,,,,,Sign and Trade,"$5,155,500 "
226,Cory Joseph,DET,5155500 ,,,,,,Room Exception,"$5,155,500 "
227,Torrey Craig,PHO,5121951 ,,,,,,MLE,"$5,121,951 "
228,Jeremy Sochan,SAS,5063520 ,5316960 ,5570040 ,7096231 ,,,1st Round Pick,"$10,380,480 "
229,David Nwaba,HOU,5022000 ,5394000 ,,,,,Early Bird,"$5,022,000 "
230,Nickeil Alexander-Walker,UTA,5009633 ,,,,,,1st Round Pick,"$5,009,633 "
231,Furkan Korkmaz,PHI,5000000 ,5370370 ,,,,,Bird,"$10,370,370 "
232,Deni Avdija,WAS,4916160 ,6263188 ,,,,,1st Round Pick,"$4,916,160 "
233,Davion Mitchell,SAC,4833600 ,5063640 ,6451077 ,,,,1st Round Pick,"$4,833,600 "
234,Johnny Davis,WAS,4810320 ,5050800 ,5291160 ,6746229 ,,,1st Round Pick,"$9,861,120 "
235,Goga Bitadze,IND,4765339 ,,,,,,1st Round Pick,"$4,765,339 "
236,Ish Smith,DEN,4725000 ,,,,,,Room Exception,"$4,725,000 "
237,Dewayne Dedmon,MIA,7566667 ,7190667 ,2866667 ,,,,Early Bird,"$4,700,000 "
238,Jalen Smith,IND,4670160 ,5043773 ,5417386 ,,,,Early Bird,"$9,713,933 "
239,Ziaire Williams,MEM,4591680 ,4810200 ,6133005 ,,,,1st Round Pick,"$4,591,680 "
240,Ousmane Dieng,OKC,4569840 ,4798440 ,5027040 ,6670882 ,,,1st Round Pick,"$9,368,280 "
241,Maurice Harkless,ATL,4564980 ,,,,,,Non Bird,"$4,564,980 "
242,Donte DiVincenzo,GSW,4500000 ,4725000 ,,,,,Mini MLE,"$4,500,000 "
243,Jeff Green,DEN,4500000 ,,,,,,MLE,"$4,500,000 "
244,Devin Vassell,SAS,4437000 ,5887899 ,,,,,1st Round Pick,"$4,437,000 "
245,Matisse Thybulle,PHI,4379527 ,,,,,,1st Round Pick,"$4,379,527 "
246,Jarred Vanderbilt,UTA,4374000 ,4698000 ,,,,,Bird,"$4,674,000 "
247,James Bouknight,CHO,4362240 ,4570080 ,6064496 ,,,,1st Round Pick,"$4,362,240 "
248,Brandon Clarke,MEM,4343920 ,,,,,,1st Round Pick,"$4,343,920 "
249,Jalen Williams,OKC,4341480 ,4558680 ,4775760 ,6580997 ,,,1st Round Pick,"$8,900,160 "
250,Grant Williams,BOS,4306281 ,,,,,,1st Round Pick,"$4,306,281 "
251,Darius Bazley,OKC,4264629 ,,,,,,1st Round Pick,"$4,264,629 "
252,Ty Jerome,OKC,4220057 ,,,,,,1st Round Pick,"$4,220,057 "
253,Tyrese Haliburton,IND,4215120 ,5808435 ,,,,,1st Round Pick,"$4,215,120 "
254,Nassir Little,POR,4171548 ,,,,,,1st Round Pick,"$4,171,548 "
255,Joshua Primo,SAS,4144320 ,4341600 ,5982725 ,,,,1st Round Pick,"$4,144,320 "
256,Jalen Duren,DET,4124280 ,4330680 ,4536840 ,6483144 ,,,1st Round Pick,"$8,454,960 "
257,Danuel House Jr.,PHI,4105000 ,4310250 ,,,,,Bi-Annual Exception,"$4,105,000 "
258,Justise Winslow,POR,4097561 ,,,,,,Mini MLE,"$4,097,561 "
259,Dylan Windler,CLE,4037278 ,,,,,,1st Round Pick,"$4,037,278 "
260,Kira Lewis Jr.,NOP,4004280 ,5722116 ,,,,,1st Round Pick,"$4,004,280 "
261,Terence Davis,SAC,4000000 ,,,,,,Early Bird,"$4,000,000 "
262,George Hill,MIL,4000000 ,,,,,,MLE,"$4,000,000 "
263,Chris Duarte,IND,3936960 ,4124400 ,5893768 ,,,,1st Round Pick,"$3,936,960 "
264,Jevon Carter,BRK,6025000 ,2239943 ,,,,,,"$3,925,000 "
265,Alex Len,SAC,3918600 ,,,,,,Bi-Annual Exception,"$3,918,600 "
266,Ochai Agbaji,UTA,3918360 ,4114200 ,4310280 ,6383525 ,,,1st Round Pick,"$8,032,560 "
267,Jordan Poole,GSW,3901399 ,,,,,,1st Round Pick,"$3,901,399 "
268,Keldon Johnson,SAS,3873025 ,20000000 ,19000000 ,17500000 ,17500000 ,,1st Round Pick,"$77,873,025 "
269,Aaron Nesmith,IND,3804360 ,5634257 ,,,,,1st Round Pick,"$3,804,360 "
270,Moses Moody,GSW,3740160 ,3918480 ,5803269 ,,,,1st Round Pick,"$3,740,160 "
271,Mark Williams,CHO,3722040 ,3908160 ,4094280 ,6276531 ,,,1st Round Pick,"$7,630,200 "
272,Cole Anthony,ORL,3613680 ,5539771 ,,,,,1st Round Pick,"$3,613,680 "
273,Corey Kispert,WAS,3552840 ,3722040 ,5705887 ,,,,1st Round Pick,"$3,552,840 "
274,AJ Griffin,ATL,3536160 ,3712920 ,3889920 ,5967137 ,,,1st Round Pick,"$7,249,080 "
275,Mike Muscala,OKC,3500000 ,3500000 ,,,,,Bird,"$3,500,000 "
276,Boban Marjanović,HOU,3500000 ,,,,,,Early Bird,"$3,500,000 "
277,Georges Niang,PHI,3465000 ,,,,,,MLE,"$3,465,000 "
278,Chuma Okeke,ORL,3433320 ,5266713 ,,,,,1st Round Pick,"$3,433,320 "
279,Isaiah Stewart,DET,3433320 ,5266713 ,,,,,1st Round Pick,"$3,433,320 "
280,Trey Burke,HOU,3423750 ,,,,,,MLE,"$3,423,750 "
281,Amir Coffey,LAC,3395062 ,3666667 ,3938271 ,,,,Bird,"$11,000,000 "
282,Alperen Şengün,HOU,3375360 ,3536280 ,5424654 ,,,,1st Round Pick,"$3,375,360 "
283,Tari Eason,HOU,3359160 ,3527160 ,3695160 ,5675766 ,,,1st Round Pick,"$6,886,320 "
284,Aleksej Pokusevski,OKC,3261480 ,5009633 ,,,,,1st Round Pick,"$3,261,480 "
285,Kevin Porter Jr.,HOU,3217631 ,,,,,,1st Round Pick,"$3,217,631 "
286,Trey Murphy III,NOP,3206520 ,3359280 ,5159854 ,,,,1st Round Pick,"$3,206,520 "
287,Andre Drummond,CHI,3200000 ,3360000 ,,,,,Mini MLE,"$6,560,000 "
288,Derrick Jones Jr.,CHI,3200000 ,3360000 ,,,,,Early Bird,"$3,200,000 "
289,Dalen Terry,CHI,3191400 ,3350760 ,3510480 ,5399118 ,,,1st Round Pick,"$6,542,160 "
290,Josh Green,DAL,3098400 ,4765339 ,,,,,1st Round Pick,"$3,098,400 "
291,Jake LaRavia,MEM,3047640 ,3199920 ,3352680 ,5163127 ,,,1st Round Pick,"$6,247,560 "
292,Tre Mann,OKC,3046200 ,3191400 ,4908373 ,,,,1st Round Pick,"$3,046,200 "
293,Sterling Brown,HOU,3000000 ,,,,,,Bi-Annual Exception,"$3,000,000 "
294,Kevin Knox,DET,3000000 ,3000000 ,,,,,Cap Space,"$3,000,000 "
295,Saddiq Bey,DET,2959080 ,4556983 ,,,,,1st Round Pick,"$2,959,080 "
296,Malaki Branham,SAS,2925600 ,3071880 ,3217920 ,4962033 ,,,1st Round Pick,"$5,997,480 "
297,Kai Jones,CHO,2909040 ,3047880 ,4693735 ,,,,1st Round Pick,"$2,909,040 "
298,Dewayne Dedmon,DET,7566667 ,7190667 ,2866667 ,,,,,"$8,600,001 "
299,Andrew Nicholson,POR,2844430 ,2844430 ,,,,,,"$5,688,860 "
300,Precious Achiuwa,TOR,2840160 ,4379527 ,,,,,1st Round Pick,"$2,840,160 "
301,Christian Braun,DEN,2808600 ,2949120 ,3089640 ,4921797 ,,,1st Round Pick,"$5,757,720 "
302,Jalen Johnson,ATL,2792640 ,2925360 ,4510905 ,,,,1st Round Pick,"$2,792,640 "
303,Tyrese Maxey,PHI,2726880 ,4343920 ,,,,,1st Round Pick,"$2,726,880 "
304,Walker Kessler,UTA,2696400 ,2831160 ,2965920 ,4878938 ,,,1st Round Pick,"$5,527,560 "
305,Keon Johnson,POR,2681040 ,2808720 ,4474291 ,,,,1st Round Pick,"$2,681,040 "
306,Trey Lyles,SAC,2625000 ,,,,,,Cap Space,"$2,625,000 "
307,Zeke Nnaji,DEN,2617800 ,4306281 ,,,,,1st Round Pick,"$2,617,800 "
308,David Roddy,MEM,2588640 ,2718240 ,2847240 ,4831766 ,,,1st Round Pick,"$5,306,880 "
309,Isaiah Jackson,IND,2573760 ,2696280 ,4435381 ,,,,1st Round Pick,"$2,573,760 "
310,MarJon Beauchamp,MIL,2485200 ,2609400 ,2733720 ,4781276 ,,,1st Round Pick,"$5,094,600 "
311,Leandro Bolmaro,UTA,2471160 ,2588400 ,4392515 ,,,,1st Round Pick,"$2,471,160 "
312,Usman Garuba,HOU,2471160 ,2588400 ,4392515 ,,,,1st Round Pick,"$2,471,160 "
313,Willy Hernangómez,NOP,2443581 ,2559942 ,,,,,Non Bird,"$2,443,581 "
314,R.J. Hampton,ORL,2412840 ,4220057 ,,,,,1st Round Pick,"$2,412,840 "
315,Blake Wesley,SAS,2385480 ,2504640 ,2624280 ,4726328 ,,,1st Round Pick,"$4,890,120 "
316,Josh Christopher,HOU,2372160 ,2485200 ,4346615 ,,,,1st Round Pick,"$2,372,160 "
317,Stanley Johnson,UTA,2351521 ,,,,,,Minimum Salary,"$2,351,521 "
318,Immanuel Quickley,NYK,2316240 ,4171548 ,,,,,1st Round Pick,"$2,316,240 "
319,John Konchar,MEM,2300000 ,2400000 ,6165000 ,6165000 ,6165000 ,,MLE,"$21,735,000 "
320,Damian Jones,LAL,2298385 ,2586665 ,,,,,Minimum Salary,"$2,298,385 "
321,Quentin Grimes,NYK,2277000 ,2385720 ,4296682 ,,,,1st Round Pick,"$2,277,000 "
322,Nikola Jović,MIA,2239920 ,2352000 ,2464200 ,4445417 ,,,1st Round Pick,"$4,591,920 "
323,Payton Pritchard,BOS,2239200 ,4037277 ,,,,,1st Round Pick,"$2,239,200 "
324,Vlatko Čančar,DEN,2234359 ,2234359 ,2346606 ,,,,Bird,"$4,468,718 "
325,Patrick Baldwin Jr.,GSW,2226000 ,2337720 ,2448840 ,4420156 ,,,1st Round Pick,"$4,563,720 "
326,TyTy Washington Jr.,HOU,2210040 ,2320440 ,2431080 ,4388099 ,,,1st Round Pick,"$4,530,480 "
327,Bones Hyland,DEN,2201520 ,2306400 ,4158439 ,,,,1st Round Pick,"$2,201,520 "
328,Bol Bol,ORL,2200000 ,2200000 ,,,,,Bird,"$2,200,000 "
329,Peyton Watson,DEN,2193960 ,2303520 ,2413560 ,4356476 ,,,1st Round Pick,"$4,497,480 "
330,Marquese Chriss,HOU,2193920 ,,,,,,Minimum Salary,"$2,193,920 "
331,Udoka Azubuike,UTA,2174880 ,3923484 ,,,,,1st Round Pick,"$2,174,880 "
332,Jaden McDaniels,MIN,2161440 ,3901399 ,,,,,1st Round Pick,"$2,161,440 "
333,Jordan McLaughlin,MIN,2160000 ,2320000 ,,,,,Early Bird,"$2,160,000 "
334,Malachi Flynn,TOR,2145720 ,3873025 ,,,,,1st Round Pick,"$2,145,720 "
335,Cam Thomas,BRK,2138160 ,2240160 ,4041249 ,,,,1st Round Pick,"$2,138,160 "
336,Luke Kornet,BOS,2133278 ,2413304 ,,,,,Minimum Salary,"$4,546,582 "
337,D.J. Wilson,TOR,2133278 ,2413304 ,,,,,Minimum Salary,"$250,000 "
338,Desmond Bane,MEM,2130240 ,3845083 ,,,,,1st Round Pick,"$2,130,240 "
339,Jaden Springer,PHI,2125200 ,2226240 ,4018363 ,,,,1st Round Pick,"$2,125,200 "
340,Day'Ron Sharpe,BRK,2109480 ,2210040 ,3989122 ,,,,1st Round Pick,"$2,109,480 "
341,Jevon Carter,MIL,6025000 ,2239943 ,,,,,Non Bird,"$2,100,000 "
342,Santi Aldama,MEM,2094120 ,2194200 ,3960531 ,,,,1st Round Pick,"$2,094,120 "
343,Tony Bradley,CHI,2036318 ,,,,,,Minimum Salary,"$2,036,318 "
344,Frank Ntilikina,DAL,2036318 ,,,,,,,
345,Kenrich Williams,OKC,2000000 ,6175000 ,6669000 ,7163000 ,7163000 ,,Sign and Trade,"$20,007,000 "
346,Caleb Houstan,ORL,2000000 ,2000000 ,2019699 ,2187699 ,,,MLE,"$4,000,000 "
347,Jeremiah Robinson-Earl,OKC,2000000 ,1900000 ,1988598 ,,,,MLE,"$2,000,000 "
348,Garrison Mathews,HOU,2000000 ,2000000 ,2230253 ,,,,,
349,Shake Milton,PHI,1997718 ,,,,,,Cap Space,"$1,997,718 "
350,Edmond Sumner,BRK,1968175 ,2239943 ,,,,,Minimum Salary,"$1,968,175 "
351,Daniel Gafford,WAS,1930681 ,12402000 ,13394160 ,14386320 ,,,Minimum Salary,"$42,113,161 "
352,Terance Mann,LAC,1930681 ,10576923 ,11423077 ,,,,Minimum Salary,"$23,930,681 "
353,Isaiah Roby,SAS,1930681 ,,,,,,MLE,"$1,930,681 "
354,Dean Wade,CLE,1930681 ,,,,,,MLE,"$1,930,681 "
355,Jalen McDaniels,CHO,1930681 ,,,,,,Minimum Salary,"$1,930,681 "
356,Naz Reid,MIN,1930681 ,,,,,,,
357,Jaylen Nowell,MIN,1930681 ,,,,,,,
358,Chimezie Metu,SAC,1910860 ,,,,,,MLE,"$1,910,860 "
359,Davon Reed,DEN,1902133 ,2066585 ,,,,,Minimum Salary,"$3,968,718 "
360,Killian Tillie,MEM,1901625 ,,,,,,Room Exception,"$1,901,625 "
361,Théo Maledon,OKC,1900000 ,1930681 ,,,,,,
362,Svi Mykhailiuk,TOR,1878720 ,,,,,,,"$1,878,720 "
363,Thanasis Antetokounmpo,MIL,1878720 ,,,,,,Minimum Salary,"$1,878,720 "
364,Keita Bates-Diop,SAS,1878720 ,,,,,,,
365,Moritz Wagner,ORL,1878720 ,,,,,,,
366,Wenyen Gabriel,LAL,1878720 ,,,,,,,
367,Oshae Brissett,IND,1846738 ,,,,,,,
368,Anthony Gill,WAS,1836090 ,1997238 ,,,,,Minimum Salary,"$3,833,328 "
369,Taj Gibson,WAS,1836090 ,,,,,,Minimum Salary,"$1,836,090 "
370,Juancho Hernangómez,TOR,1836090 ,,,,,,Minimum Salary,"$1,836,090 "
371,Gorgui Dieng,SAS,1836090 ,,,,,,Minimum Salary,"$1,836,090 "
372,Drew Eubanks,POR,1836090 ,,,,,,Minimum Salary,"$1,836,090 "
373,Bismack Biyombo,PHO,1836090 ,,,,,,Minimum Salary,"$1,836,090 "
374,Josh Okogie,PHO,1836090 ,,,,,,Minimum Salary,"$1,836,090 "
375,Damion Lee,PHO,1836090 ,,,,,,Minimum Salary,"$1,836,090 "
376,Bryn Forbes,MIN,1836090 ,,,,,,Minimum Salary,"$1,836,090 "
377,Serge Ibaka,MIL,1836090 ,,,,,,Minimum Salary,"$1,836,090 "
378,Wesley Matthews,MIL,1836090 ,,,,,,Minimum Salary,"$1,836,090 "
379,Thomas Bryant,LAL,1836090 ,,,,,,Minimum Salary,"$1,836,090 "
380,Troy Brown Jr.,LAL,1836090 ,,,,,,Minimum Salary,"$1,836,090 "
381,Juan Toscano-Anderson,LAL,1836090 ,,,,,,Minimum Salary,"$1,836,090 "
382,JaMychal Green,GSW,10036090 ,,,,,,Minimum Salary,"$1,836,090 "
383,Rodney McGruder,DET,1836090 ,,,,,,Minimum Salary,"$1,836,090 "
384,DeAndre Jordan,DEN,9663997 ,,,,,,Minimum Salary,"$1,836,090 "
385,Theo Pinson,DAL,1836090 ,,,,,,Minimum Salary,"$1,836,090 "
386,Robin Lopez,CLE,1836090 ,,,,,,Minimum Salary,"$1,836,090 "
387,Raul Neto,CLE,1836090 ,,,,,,Minimum Salary,"$1,836,090 "
388,T.J. Warren,BRK,1836090 ,,,,,,Minimum Salary,"$1,836,090 "
389,Frank Kaminsky,ATL,1836090 ,,,,,,Minimum Salary,"$1,836,090 "
390,Aaron Holiday,ATL,1836090 ,,,,,,Minimum Salary,"$1,836,090 "
391,Austin Rivers,MIN,1836090 ,,,,,,Minimum Salary,"$650,000 "
392,Nathan Knight,MIN,1836090 ,1997238 ,,,,,Minimum Salary,"$350,000 "
393,Matthew Dellavedova,SAC,1836090 ,,,,,,Minimum Salary,"$250,000 "
394,Sam Merrill,SAC,1836090 ,1997238 ,,,,,Minimum Salary,"$150,000 "
395,CJ Elleby,MIN,1836090 ,,,,,,,
396,Luca Vildoza,MIL,1836090 ,,,,,,,
397,Moses Brown,LAC,1836090 ,,,,,,,
398,Bruno Fernando,HOU,1836090 ,,,,,,,
399,Javonte Green,CHI,1815677 ,,,,,,Minimum Salary,"$1,815,677 "
400,Max Strus,MIA,1815677 ,,,,,,,
401,Gabe Vincent,MIA,1815677 ,,,,,,,
402,Herbert Jones,NOP,1785000 ,1836096 ,,,,,MLE,"$1,785,000 "
403,Vernon Carey Jr.,WAS,1782621 ,1930681 ,,,,,Cap Space,"$1,782,621 "
404,Xavier Tillman Sr.,MEM,1782621 ,1930681 ,,,,,MLE,"$1,782,621 "
405,Tyrell Terry,DAL,1782621 ,,,,,,,"$1,782,621 "
406,Tre Jones,SAS,1782621 ,,,,,,,
407,Isaiah Joe,PHI,1782621 ,,,,,,,
408,Paul Reed,PHI,1782621 ,,,,,,,
409,Naji Marshall,NOP,1782621 ,1930681 ,,,,,,
410,Deividas Sirvydis,IND,1782621 ,,,,,,,
411,Kenyon Martin Jr.,HOU,1782621 ,1930681 ,,,,,,
412,Lamar Stevens,CLE,1782621 ,1930681 ,,,,,,
413,Nick Richards,CHO,1782621 ,,,,,,,
414,Saben Lee,DET,1752638 ,1902137 ,,,,,Cap Space,"$1,752,638 "
415,Devin Cannady,ORL,1752638 ,1902137 ,,,,,,
416,Haywood Highsmith,MIA,1752638 ,1902137 ,,,,,,
417,Omer Yurtseven,MIA,1752638 ,,,,,,,
418,Jericho Sims,NYK,1639842 ,1927896 ,2092344 ,,,,Cap Space,"$2,239,842 "
419,Sam Hauser,BOS,1637966 ,1927896 ,2092344 ,,,,Non Bird,"$5,658,206 "
420,Carlik Jones,CHI,1637966 ,,,,,,Minimum Salary,"$1,637,966 "
421,Kessler Edwards,BRK,1637966 ,1927896 ,,,,,Minimum Salary,"$1,637,966 "
422,Trevelin Queen,PHI,1637966 ,1927896 ,,,,,Minimum Salary,"$330,000 "
423,Justin Champagnie,TOR,1637966 ,1927896 ,,,,,Minimum Salary,"$325,000 "
424,Lindell Wigginton,MIL,1637966 ,,,,,,,
425,Jay Huff,LAL,1637966 ,,,,,,,
426,Xavier Moon,LAC,1637966 ,,,,,,,
427,Mac McClung,GSW,1637966 ,,,,,,,
428,McKinley Wright IV,DAL,1637966 ,,,,,,,
429,Tyler Hall,DAL,1637966 ,,,,,,,
430,Isaiah Todd,WAS,1575000 ,1836096 ,1988598 ,,,,MLE,"$3,411,096 "
431,Trendon Watford,POR,1563518 ,1836096 ,1988598 ,,,,MLE,"$5,388,212 "
432,Jared Butler,UTA,1563518 ,,,,,,Minimum Salary,"$1,563,518 "
433,Greg Brown III,POR,1563518 ,1836096 ,,,,,Mini MLE,"$1,563,518 "
434,Miles McBride,NYK,1563518 ,1836096 ,,,,,Cap Space,"$1,563,518 "
435,Jose Alvarado,NOP,1563518 ,1836096 ,1988598 ,,,,MLE,"$1,563,518 "
436,Jason Preston,LAC,1563518 ,1836096 ,,,,,Mini MLE,"$1,563,518 "
437,Brandon Boston Jr.,LAC,1563518 ,1836096 ,,,,,Mini MLE,"$1,563,518 "
438,Daishen Nix,HOU,1563518 ,1836096 ,1988598 ,,,,Minimum Salary,"$1,563,518 "
439,Isaiah Livers,DET,1563518 ,1836096 ,,,,,Cap Space,"$1,563,518 "
440,JT Thor,CHO,1563518 ,1836096 ,1988598 ,,,,Cap Space,"$1,563,518 "
441,Marko Simonovic,CHI,1563518 ,1836096 ,,,,,MLE,"$1,563,518 "
442,Vit Krejci,OKC,1563518 ,1836096 ,1988598 ,,,,MLE,"$781,759 "
443,Terry Taylor,IND,1563518 ,1836096 ,,,,,Minimum Salary,"$625,000 "
444,Charles Bassey,PHI,1563518 ,1836096 ,,,,,MLE,"$74,742 "
445,Jock Landale,PHO,1563518 ,,,,,,Minimum Salary,"$46,120 "
446,Dalano Banton,TOR,1563518 ,,,,,,,
447,Aaron Wiggins,OKC,1563518 ,1836096 ,1988598 ,,,,,
448,Austin Reaves,LAL,1563518 ,,,,,,,
449,Ayo Dosunmu,CHI,1563518 ,,,,,,,
450,Eric Bledsoe,POR,1300000 ,1300000 ,1300000 ,,,,,"$3,900,000 "
451,Kennedy Chandler,MEM,1200000 ,1719864 ,2019699 ,2187451 ,,,MLE,"$7,127,014 "
452,Jaden Hardy,DAL,1017781 ,1719864 ,2019699 ,,,,Mini MLE,"$3,137,645 "
453,Max Christie,LAL,1017781 ,1719864 ,,,,,Minimum Salary,"$2,737,645 "
454,Jabari Walker,POR,1017781 ,1719864 ,2019699 ,,,,MLE,"$1,417,781 "
455,Isaiah Miller,POR,1017781 ,,,,,,,
456,Michael Foster Jr.,PHI,1017781 ,,,,,,,
457,Orlando Robinson,MIA,1017781 ,,,,,,,
458,Adonis Arms,DEN,1017781 ,,,,,,,
459,Kellan Grady,DEN,1017781 ,,,,,,,
460,Javon Freeman-Liberty,CHI,1017781 ,,,,,,,
461,Kyle Singler,OKC,999200 ,,,,,,,"$999,200 "
462,Nik Stauskas,IND,702311 ,702311 ,702310 ,,,,,"$2,106,932 "
463,Juwan Morgan,IND,576230 ,576230 ,576229 ,,,,,"$1,728,689 "
464,Malik Fitts,IND,555217 ,555217 ,555216 ,,,,,"$1,665,650 "
465,D.J. Augustin,HOU,333333 ,,,,,,,"$333,333 "
466,Didi Louzada,POR,268032 ,268032 ,268032 ,268032 ,268032 ,268032 ,,"$1,876,224 "
467,Wendell Moore Jr.,MIN,230620 ,2421720 ,2537040 ,4574283 ,,,1st Round Pick,"$2,652,340 "
468,Ish Wainright,TOR,,,,,,,,"$125,000 "
469,Troy Williams,HOU,122741 ,,,,,,,"$122,741 "
470,Demetrius Jackson,BOS,92857 ,92857 ,,,,,,"$185,714 "
471,Armoni Brooks,TOR,50000 ,,,,,,,"$50,000 "
